path,filename,class,width,height,channels,mode,aspect_ratio,file_size_kb,valid,file_md5,similarity_group_id,review_decision,review_notes
D:\driver-drowsiness-detection\dataset\train\no_yawn\1411.jpg,1411.jpg,no_yawn,640,480,3,RGB,1.3333,72.54,True,77899d99a3c5c906cdad3f3a4a808563,SIM_0804,,
D:\driver-drowsiness-detection\dataset\train\no_yawn\1412.jpg,1412.jpg,no_yawn,640,480,3,RGB,1.3333,73.58,True,9a913f59b53928ec6c69479508bf8488,SIM_0804,,
D:\driver-drowsiness-detection\dataset\train\no_yawn\1413.jpg,1413.jpg,no_yawn,640,480,3,RGB,1.3333,73.63,True,ceb2dba2b31ee1cb573aa94f55d6ca83,SIM_0804,,
D:\driver-drowsiness-detection\dataset\train\yawn\413.jpg,413.jpg,yawn,640,480,3,RGB,1.3333,74.66,True,c322b0ff58b971627d8eed912553a44b,SIM_0804,,
D:\driver-drowsiness-detection\dataset\train\yawn\415.jpg,415.jpg,yawn,640,480,3,RGB,1.3333,74.85,True,d783a05aba62c44629a885ca53d21ba6,SIM_0804,,
D:\driver-drowsiness-detection\dataset\train\no_yawn\223.jpg,223.jpg,no_yawn,640,480,3,RGB,1.3333,70.28,True,0bb9dc2517fa6e22c8799c6cf7ed511e,SIM_0983,,
D:\driver-drowsiness-detection\dataset\train\no_yawn\224.jpg,224.jpg,no_yawn,640,480,3,RGB,1.3333,70.76,True,5e288d1cccc6b5c2be1b4c4b69f7c151,SIM_0983,,
D:\driver-drowsiness-detection\dataset\train\no_yawn\225.jpg,225.jpg,no_yawn,640,480,3,RGB,1.3333,64.88,True,733480fb4b90a58c914930fc1f7a6f3d,SIM_0983,,
D:\driver-drowsiness-detection\dataset\train\no_yawn\226.jpg,226.jpg,no_yawn,640,480,3,RGB,1.3333,70.39,True,2fabaa7ac1c3e1d90be8f849b7eaec5d,SIM_0983,,
D:\driver-drowsiness-detection\dataset\train\no_yawn\229.jpg,229.jpg,no_yawn,640,480,3,RGB,1.3333,70.71,True,9cac31432137aa93a614897231c1ad97,SIM_0983,,
D:\driver-drowsiness-detection\dataset\train\no_yawn\231.jpg,231.jpg,no_yawn,640,480,3,RGB,1.3333,59.84,True,d28320c85e50b5a21c92610c716b5bc6,SIM_0983,,
D:\driver-drowsiness-detection\dataset\train\no_yawn\233.jpg,233.jpg,no_yawn,640,480,3,RGB,1.3333,68.6,True,4b1488d91247542f0ceb275529983085,SIM_0983,,
D:\driver-drowsiness-detection\dataset\train\no_yawn\234.jpg,234.jpg,no_yawn,640,480,3,RGB,1.3333,67.65,True,bc1e17943f81f6a2fd17f4aaa9cf4eb5,SIM_0983,,
D:\driver-drowsiness-detection\dataset\train\no_yawn\235.jpg,235.jpg,no_yawn,640,480,3,RGB,1.3333,69.54,True,3403ecdca9a4f01b7ad32cf57ac26d61,SIM_0983,,
D:\driver-drowsiness-detection\dataset\train\yawn\136.jpg,136.jpg,yawn,640,480,3,RGB,1.3333,75.62,True,02915f2663384e8860461da85fa4b778,SIM_0983,,
D:\driver-drowsiness-detection\dataset\train\yawn\137.jpg,137.jpg,yawn,640,480,3,RGB,1.3333,78.47,True,02cf5218ee835bbb500d893565740412,SIM_0983,,
D:\driver-drowsiness-detection\dataset\train\yawn\138.jpg,138.jpg,yawn,640,480,3,RGB,1.3333,79.03,True,310f9774e3bbc800a6d8b08427f4aec9,SIM_0983,,
D:\driver-drowsiness-detection\dataset\train\no_yawn\933.jpg,933.jpg,no_yawn,640,480,3,RGB,1.3333,66.92,True,cde9578c376db0a370915cf6a1bf977c,SIM_1225,,
D:\driver-drowsiness-detection\dataset\train\yawn\314.jpg,314.jpg,yawn,640,480,3,RGB,1.3333,76.48,True,3cb89a4b93fe42c28a7911b9ddc52479,SIM_1225,,
