window,start_sample,end_sample,average_fatigue_score,maximum_fatigue_score,severe_count,mild_count,alert_count,average_confidence,dominant_fatigue_level
1,1,30,0.5666666666666667,2,7,3,20,0.8027364,Mild Fatigue
2,31,60,0.7,2,9,3,18,0.87416995,Mild Fatigue
3,61,90,0.6666666666666666,2,8,4,18,0.80753714,Mild Fatigue
4,91,120,0.4,2,3,6,21,0.7910522,Alert
5,121,150,0.6333333333333333,2,8,3,19,0.78996867,Mild Fatigue
6,151,180,0.7666666666666667,2,11,1,18,0.86475354,Mild Fatigue
7,181,210,0.6333333333333333,2,9,1,20,0.82598126,Mild Fatigue
8,211,240,0.43333333333333335,2,6,1,23,0.7887091,Alert
9,241,270,0.7666666666666667,2,9,5,16,0.7927693,Mild Fatigue
10,271,300,0.3333333333333333,2,4,2,24,0.8210695,Alert
11,301,330,0.5666666666666667,2,7,3,20,0.8417582,Mild Fatigue
12,331,360,0.7333333333333333,2,8,6,16,0.8233621,Mild Fatigue
13,361,390,0.9,2,12,3,15,0.8678757,Mild Fatigue
14,391,420,0.3,2,4,1,25,0.81655353,Alert
15,421,435,0.4666666666666667,2,3,1,11,0.84658283,Alert
